FECHA,YEAR,MO,N_DIAS,T2M,T2M_MAX,T2M_MIN,RH2M,ALLSKY_SFC_SW_DWN,CLRSKY_SFC_SW_DWN,ALLSKY_KT,WS10M,WD10M,PRECTOTCORR,UV_INDEX
2004-10-01,2004,10,30,27.829666666666665,29.67,26.679,84.53333333333333,44.39756666666666,56.60306666666667,0.5143333333333333,3.759,63.843333333333334,5.718666666666667,9.769648253333333
2004-11-01,2004,11,17,27.505294117647058,29.126470588235293,26.564705882352943,84.47294117647058,39.96858823529412,52.40323529411765,0.5023529411764706,5.128823529411765,75.72941176470589,5.3623529411764705,8.594159876470588
2004-12-01,2004,12,29,27.128620689655172,29.931379310344827,25.502758620689658,78.28275862068965,48.032862068965514,53.391379310344824,0.6217241379310345,7.275172413793103,39.96551724137931,0.00689655172413793,9.262153810344827
2005-01-01,2005,1,30,27.196,30.113999999999997,25.486,76.43433333333334,47.5965,54.912400000000005,0.6133333333333333,8.135666666666667,37.443333333333335,0.05,9.659098203333334
2005-02-01,2005,2,27,27.23,30.415185185185187,25.307777777777776,72.26592592592593,52.832,63.921518518518525,0.6174074074074075,8.34962962962963,34.648148148148145,0.027777777777777776,11.002023548148149
2005-03-01,2005,3,30,28.441333333333333,32.193999999999996,26.29866666666667,73.59333333333333,49.6603,57.762233333333334,0.571,6.9383333333333335,33.70333333333333,0.006,12.45684795
2005-04-01,2005,4,28,28.631071428571428,31.77785714285714,26.787499999999998,76.24,47.90521428571429,64.90992857142858,0.505,6.057499999999999,68.68928571428572,0.23535714285714285,11.651975953571428
2005-05-01,2005,5,30,28.300333333333334,30.741666666666667,26.698666666666668,82.39666666666668,46.2177,59.953266666666664,0.498,4.24,134.3,4.026666666666666,10.76251618
2005-06-01,2005,6,29,28.662068965517243,30.940689655172413,27.067241379310346,82.84172413793102,50.68144827586207,61.158068965517245,0.5044827586206897,3.3286206896551724,133.3448275862069,5.2537931034482765,10.547681806896552
2005-07-01,2005,7,30,28.81566666666667,31.442666666666664,27.171333333333333,81.056,49.66153333333333,63.75203333333333,0.5476666666666666,4.306,82.97333333333333,2.5353333333333334,10.931948510000002
2005-08-01,2005,8,31,28.438387096774196,30.71225806451613,26.938387096774196,83.2841935483871,49.25670967741936,59.95829032258065,0.4896774193548387,3.946451612903226,72.23225806451612,3.3222580645161295,10.774108977419354
2005-09-01,2005,9,29,28.564137931034484,30.854137931034483,27.12965517241379,82.26034482758621,47.20627586206896,62.60731034482759,0.5248275862068966,3.568620689655172,116.2103448275862,4.022758620689655,10.971040034482758
2005-10-01,2005,10,30,27.316333333333333,29.102333333333334,26.09333333333333,84.974,42.2801,61.60236666666666,0.4673333333333333,3.283333333333333,260.0266666666667,3.835,9.584175803333332
2005-11-01,2005,11,29,27.608620689655172,29.64,26.298275862068966,82.56068965517242,36.82537931034482,48.988379310344826,0.4848275862068966,4.700344827586207,71.85517241379311,5.248620689655173,8.856280086206898
2005-12-01,2005,12,30,27.362333333333332,30.33833333333333,25.423000000000002,76.66133333333333,43.989133333333335,58.82403333333333,0.6263333333333333,6.458666666666667,45.693333333333335,0.013000000000000001,9.571689999999998
2006-01-01,2006,1,30,27.305333333333333,30.375666666666667,25.307333333333336,75.55966666666667,49.821333333333335,53.44003333333333,0.6163333333333334,7.656000000000001,43.306666666666665,0.009333333333333334,10.11579624
2006-02-01,2006,2,26,27.142692307692307,30.516153846153845,24.935384615384613,72.20769230769231,54.211269230769226,54.82396153846154,0.6338461538461538,8.277307692307692,40.76538461538462,0.14769230769230768,12.012826826923078
2006-03-01,2006,3,29,27.032413793103448,30.022758620689654,25.128620689655172,75.93241379310345,52.29524137931034,64.14820689655173,0.5606896551724139,8.098275862068965,37.27241379310345,0.09,11.978964882758621
2006-04-01,2006,4,29,27.589655172413792,30.58758620689655,25.703793103448273,77.01310344827587,47.38127586206897,56.63286206896552,0.5189655172413793,6.379655172413793,46.672413793103445,0.5193103448275862,11.86753248275862
2006-05-01,2006,5,31,28.28290322580645,30.993225806451612,26.49483870967742,80.08354838709678,43.80177419354839,66.7372258064516,0.5306451612903226,5.094193548387096,56.67741935483871,1.9283870967741936,10.961941132258065
2006-06-01,2006,6,29,28.484827586206897,31.085172413793103,26.740344827586206,81.4844827586207,50.20644827586207,57.17506896551724,0.526896551724138,4.1434482758620685,77.3,3.7217241379310346,10.288253355172415
2006-07-01,2006,7,30,28.404666666666667,31.093,26.57766666666667,80.63366666666666,47.21646666666666,65.55196666666667,0.5336666666666667,5.096,58.940000000000005,1.0636666666666668,10.230009643333334
2006-08-01,2006,8,30,28.788666666666664,31.744666666666667,26.951666666666664,79.99166666666666,48.2259,60.23413333333333,0.5429999999999999,4.906333333333333,54.169999999999995,2.855,10.64964745
2006-09-01,2006,9,29,28.547241379310346,31.121724137931032,26.991724137931033,82.08241379310344,53.48024137931034,61.53420689655172,0.5551724137931034,4.2651724137931035,38.38965517241379,3.2251724137931035,10.983573827586207
2006-10-01,2006,10,30,28.215333333333334,30.264333333333333,26.983666666666668,83.70833333333333,45.20786666666667,62.051066666666664,0.5083333333333333,4.012,112.98333333333333,6.199666666666667,9.91592793
2006-11-01,2006,11,29,27.725517241379308,29.614827586206896,26.566896551724138,83.75793103448277,42.67158620689655,56.185206896551726,0.506896551724138,4.631724137931034,59.97241379310345,5.994137931034484,8.844475334482759
2006-12-01,2006,12,30,27.818666666666665,30.639666666666667,26.117666666666665,79.74533333333333,41.04173333333333,51.01006666666667,0.612,6.5906666666666665,46.480000000000004,0.8266666666666667,9.283664719999999
2007-01-01,2007,1,30,26.508333333333333,30.03033333333333,24.280666666666665,77.14766666666667,55.175666666666665,55.068533333333335,0.6676666666666667,8.02,40.983333333333334,0.09200000000000001,10.604710833333334
2007-02-01,2007,2,27,27.22962962962963,31.095925925925926,24.75,73.36,61.483037037037036,59.108407407407405,0.6451851851851851,7.489999999999999,37.75925925925926,0.007037037037037037,11.724463314814816
2007-03-01,2007,3,30,27.612333333333332,31.147,25.554333333333332,74.13799999999999,54.16693333333333,58.21053333333334,0.5640000000000001,7.7379999999999995,33.376666666666665,0.19033333333333333,12.10160985
2007-04-01,2007,4,30,27.753333333333334,30.683666666666667,26.043666666666663,78.71033333333334,47.80263333333333,60.667633333333335,0.5126666666666667,6.120666666666667,33.99,4.643333333333333,11.581218533333333
2007-05-01,2007,5,30,27.612333333333332,29.601999999999997,26.424,85.71633333333334,37.74333333333333,65.3848,0.4296666666666667,3.8753333333333333,66.03666666666666,10.334,10.123463156666666
2007-06-01,2007,6,29,28.110000000000003,30.58586206896552,26.561724137931034,83.25,49.779310344827586,68.03479310344828,0.5620689655172414,4.812413793103448,67.16896551724139,3.355862068965517,11.352746913793105
2007-07-01,2007,7,30,27.805666666666664,30.151,26.441666666666666,83.96833333333333,49.4224,67.4077,0.5303333333333333,5.169,47.04333333333333,2.545666666666667,10.878598483333333
2007-08-01,2007,8,30,27.71833333333333,29.548333333333336,26.515333333333334,85.11633333333334,44.23023333333333,59.6167,0.4643333333333333,4.156000000000001,74.97,5.542333333333334,10.46552993
2007-09-01,2007,9,29,27.889655172413793,29.745172413793103,26.728620689655173,85.29896551724138,48.40796551724138,56.52855172413793,0.5148275862068965,3.8758620689655174,56.0,5.40551724137931,10.545522668965516
2007-10-01,2007,10,30,27.017333333333333,28.65,26.016000000000002,86.11466666666666,38.204299999999996,54.09363333333333,0.44833333333333336,2.7536666666666667,216.19333333333333,8.143333333333334,9.17960065
2007-11-01,2007,11,28,27.460714285714285,29.200714285714287,26.351785714285715,84.49571428571429,39.26496428571429,48.92603571428572,0.5310714285714285,5.681071428571428,69.38571428571429,3.4614285714285713,9.524121967857143
2007-12-01,2007,12,29,26.99448275862069,29.559310344827587,25.49241379310345,80.68827586206896,40.62965517241379,49.34637931034483,0.6024137931034482,6.767241379310345,42.751724137931035,0.9358620689655173,9.011062031034482
2008-01-01,2008,1,30,26.58833333333333,29.791,24.537333333333333,75.07566666666666,56.620733333333334,56.106700000000004,0.6626666666666666,8.195666666666666,41.53666666666666,0.013000000000000001,10.296211083333333
2008-02-01,2008,2,28,26.84714285714286,30.291428571428572,24.61785714285714,73.01785714285714,51.609750000000005,56.86264285714286,0.6189285714285715,7.684642857142856,40.271428571428565,0.04642857142857143,11.26958544642857
2008-03-01,2008,3,30,26.846666666666668,30.492666666666665,24.712,73.35666666666665,45.814433333333334,63.49276666666666,0.564,7.645333333333332,38.02333333333333,0.058333333333333334,11.673787866666666
2008-04-01,2008,4,29,27.510689655172413,30.919999999999998,25.555862068965517,76.0255172413793,48.37686206896552,63.50541379310344,0.5437931034482758,6.976551724137931,35.641379310344824,0.6720689655172414,11.977165551724138
2008-05-01,2008,5,30,27.803,30.663,26.019333333333336,79.09966666666666,45.18946666666667,63.34973333333333,0.47866666666666663,5.352333333333333,40.24666666666667,2.7169999999999996,10.320470213333333
2008-06-01,2008,6,29,28.31655172413793,31.23862068965517,26.509310344827586,80.51172413793104,46.79572413793103,60.679793103448276,0.5110344827586207,5.237586206896553,42.92068965517242,4.15655172413793,9.933082286206897
2008-07-01,2008,7,30,27.933,30.733333333333334,26.26033333333333,82.06766666666665,48.519533333333335,67.60256666666666,0.5043333333333334,4.788333333333333,63.13666666666666,1.9993333333333334,9.565521890000001
2008-08-01,2008,8,30,28.220333333333333,30.988,26.491333333333333,79.76533333333333,52.2319,55.73096666666667,0.509,3.8193333333333332,117.86333333333333,1.4236666666666666,10.129177550000001
2008-09-01,2008,9,25,28.412,30.8244,26.8404,80.9464,50.65783999999999,57.68872,0.5096,3.6431999999999998,123.63199999999999,3.8339999999999996,10.541508396
2008-10-01,2008,10,30,27.792333333333332,29.883,26.498333333333335,82.74033333333334,46.1595,51.86116666666667,0.5093333333333334,3.803,105.22666666666667,5.636,9.8185836
2008-11-01,2008,11,29,27.45793103448276,29.479310344827585,26.296206896551727,84.17620689655173,40.15355172413793,52.463344827586205,0.46,4.60448275862069,78.56206896551724,7.210344827586207,8.37629035862069
2008-12-01,2008,12,29,27.05206896551724,29.617241379310343,25.433793103448277,77.44103448275862,48.223000000000006,51.89275862068966,0.6189655172413793,7.483793103448276,45.217241379310344,0.07,9.044079510344828
2009-01-01,2009,1,27,26.71814814814815,29.854074074074074,24.806666666666665,77.9274074074074,47.654629629629625,57.96,0.6225925925925926,7.550740740740741,38.974074074074075,0.02074074074074074,9.75797562962963
2009-02-01,2009,2,24,26.9175,30.045833333333334,25.025000000000002,73.82416666666667,48.30675,50.961666666666666,0.6220833333333333,9.07,40.42916666666667,0.020833333333333332,11.527866812500001
2009-03-01,2009,3,28,26.81642857142857,30.055714285714284,24.87857142857143,74.10285714285715,51.01935714285714,66.60942857142858,0.5528571428571428,8.40392857142857,37.667857142857144,0.08535714285714287,11.34786730357143
2009-04-01,2009,4,26,27.62,30.895,25.60346153846154,75.05846153846154,55.04557692307692,61.712153846153846,0.5842307692307692,7.496923076923077,37.6,0.5334615384615385,12.048885846153846
2009-05-01,2009,5,26,28.07923076923077,30.776153846153843,26.355384615384615,81.17538461538462,53.635807692307694,64.43357692307693,0.5326923076923077,4.646153846153846,37.83846153846154,1.6284615384615384,10.895645307692309
2009-06-01,2009,6,25,28.152400000000004,30.7344,26.4672,81.09,41.65344,64.07692,0.4808,3.9751999999999996,55.412,3.5784,9.527815744
2009-07-01,2009,7,26,28.375,31.168076923076924,26.56153846153846,81.03038461538462,53.55219230769231,58.143076923076926,0.5638461538461539,5.7807692307692315,46.47692307692308,1.9803846153846154,10.969261192307691
2009-08-01,2009,8,26,28.262307692307694,30.916923076923077,26.658076923076923,82.44423076923077,43.930653846153845,55.465038461538455,0.5396153846153846,5.091923076923077,44.30384615384616,3.745769230769231,10.810407419230769
2009-09-01,2009,9,25,28.6056,31.071199999999997,27.0476,82.8808,50.08788,64.86211999999999,0.5516,4.2656,49.6,1.8368,11.040122900000002
2009-10-01,2009,10,26,28.330000000000002,30.664615384615384,26.888461538461538,82.20076923076923,43.721999999999994,58.42846153846154,0.48307692307692307,4.381538461538462,56.457692307692305,4.533846153846154,9.868513450000002
2009-11-01,2009,11,24,27.832916666666666,29.895833333333332,26.5725,83.64791666666666,32.869875,51.309416666666664,0.5495833333333333,4.783333333333333,72.39166666666667,4.180833333333333,9.677442574999999
2009-12-01,2009,12,20,27.6055,30.708499999999997,25.677,78.541,48.0259,44.94585,0.621,6.5625,56.83,1.1469999999999998,9.543186819999999
2010-01-01,2010,1,22,27.465,31.10090909090909,25.18136363636364,75.39272727272727,46.30790909090909,53.175590909090914,0.6636363636363636,7.399090909090909,40.199999999999996,0.0,10.737712318181819
2010-02-01,2010,2,24,27.471666666666668,30.91208333333333,25.47083333333333,77.5775,43.65275,51.645375,0.5329166666666667,6.236666666666667,41.375,0.015833333333333335,10.984120583333334
2010-03-01,2010,3,26,28.337692307692308,31.564615384615387,26.483846153846155,78.16346153846153,48.4225,59.59646153846154,0.5034615384615384,6.553461538461538,29.584615384615386,0.8769230769230769,11.83452051923077
2010-04-01,2010,4,24,28.2675,31.031666666666666,26.626666666666665,80.69875,43.250499999999995,61.391625000000005,0.48666666666666664,5.953749999999999,43.76666666666667,3.1954166666666666,11.6525168375
2010-05-01,2010,5,26,28.430384615384618,31.073461538461537,26.779615384615383,81.65653846153847,51.99688461538461,58.354461538461535,0.5165384615384615,4.958846153846154,79.01153846153845,4.841923076923077,11.225729796153846
2010-06-01,2010,6,24,28.288749999999997,30.216250000000002,27.014166666666668,85.24,49.0035,64.38866666666667,0.47583333333333333,3.8666666666666667,87.70833333333333,8.135,9.877874229166666
2010-07-01,2010,7,25,28.0104,30.1364,26.6952,84.7896,43.52932,66.69156,0.46520000000000006,3.6888,87.16,11.053199999999999,9.529302764
2010-08-01,2010,8,26,27.899615384615384,29.773846153846154,26.61769230769231,85.41384615384615,41.750230769230775,62.64138461538461,0.47000000000000003,3.1923076923076925,61.55384615384616,7.843846153846154,10.102140319230768
2010-09-01,2010,9,27,27.49111111111111,29.43777777777778,26.144074074074073,83.0425925925926,49.26125925925926,60.26181481481481,0.48185185185185186,2.6533333333333333,169.3111111111111,9.678518518518517,9.91744822962963
2010-10-01,2010,10,26,27.720769230769232,29.66769230769231,26.490384615384617,84.74038461538461,46.476461538461535,59.133730769230766,0.5119230769230769,3.4673076923076924,108.71923076923076,13.677307692307693,9.618563407692308
2010-11-01,2010,11,22,26.910454545454545,28.355454545454542,26.00090909090909,86.26681818181818,37.087090909090904,60.51854545454545,0.44909090909090915,4.454545454545454,114.9590909090909,10.625454545454545,7.916392822727272
2010-12-01,2010,12,19,26.496315789473684,28.128947368421056,25.516315789473683,85.81315789473685,41.560526315789474,48.79210526315789,0.5031578947368421,6.074736842105263,36.578947368421055,5.833157894736842,7.66295537368421
2011-01-01,2011,1,21,26.52904761904762,29.390000000000004,24.80761904761905,81.60809523809523,49.7117619047619,55.47057142857143,0.6161904761904763,6.987619047619048,44.095238095238095,0.04428571428571429,9.71598278095238
2011-02-01,2011,2,23,26.530434782608697,29.746086956521737,24.49086956521739,78.42260869565217,57.22052173913044,60.80726086956522,0.6226086956521739,7.740869565217391,41.756521739130434,0.12086956521739131,10.549251669565217
2011-03-01,2011,3,25,26.83,29.8748,24.8836,74.788,51.6642,62.19256,0.5792,7.6432,40.412,0.24439999999999998,11.448105640000001
2011-04-01,2011,4,22,27.584545454545456,30.645000000000003,25.713181818181816,76.33045454545454,38.5935,61.34822727272728,0.5095454545454546,6.665909090909091,36.81818181818182,1.2231818181818181,11.87394065909091
2011-05-01,2011,5,24,27.769166666666667,30.278333333333332,26.09375,81.8025,46.31491666666667,62.132958333333335,0.48625,4.349583333333333,85.68333333333334,6.020416666666667,11.300894583333333
2011-06-01,2011,6,24,28.14333333333333,30.25208333333333,26.82875,84.98625,47.481125,64.48654166666667,0.4991666666666667,3.7220833333333334,94.22083333333335,6.243333333333333,10.168312191666667
2011-07-01,2011,7,20,27.982499999999998,30.389499999999998,26.517000000000003,84.5385,49.87205,60.30735,0.512,3.9585,75.12,8.684000000000001,10.342217145000001
2011-08-01,2011,8,20,28.2705,30.610000000000003,26.8755,84.147,52.552,67.3438,0.5265,3.7625,71.49,5.885,10.878736275
2011-09-01,2011,9,19,28.05,30.21736842105263,26.611052631578946,83.57894736842105,50.83978947368421,63.303526315789476,0.523157894736842,3.487894736842105,72.56842105263158,8.759473684210526,10.843534552631578
2011-10-01,2011,10,19,27.23368421052632,28.900526315789474,26.094736842105263,84.78736842105263,40.14605263157895,62.7308947368421,0.4678947368421053,3.0426315789473684,161.69473684210524,19.126315789473683,9.67478312631579
2011-11-01,2011,11,19,27.51421052631579,29.336315789473684,26.449473684210528,84.74368421052631,42.72631578947369,57.17473684210526,0.4963157894736842,4.217368421052631,37.92631578947368,10.766842105263157,8.91268285263158
2011-12-01,2011,12,23,26.666521739130438,28.696521739130436,25.40826086956522,84.79739130434783,40.994521739130434,48.769304347826086,0.5739130434782609,6.666086956521739,44.95652173913044,2.2891304347826087,8.637765621739131
2012-01-01,2012,1,28,25.955357142857142,28.788214285714286,24.1825,81.31321428571428,49.54157142857143,54.96046428571429,0.6446428571428572,7.6085714285714285,44.31071428571429,0.00035714285714285714,10.042220835714286
2012-02-01,2012,2,25,26.0768,29.468000000000004,23.903200000000002,77.866,59.31312,56.74524,0.648,7.6136,40.983999999999995,0.0004,11.62461438
2012-03-01,2012,3,28,26.853214285714284,30.13714285714286,24.79642857142857,77.595,53.886,57.41542857142857,0.5860714285714286,7.798928571428571,39.03214285714286,0.11964285714285713,11.662436746428572
2012-04-01,2012,4,27,27.598888888888887,30.47407407407407,25.816666666666666,78.99518518518518,47.74166666666667,58.0212962962963,0.4840740740740741,5.213333333333333,46.98518518518518,1.6392592592592592,10.629116022222222
2012-05-01,2012,5,28,28.11642857142857,30.56142857142857,26.59035714285714,83.71214285714287,48.71007142857143,56.21832142857143,0.5025000000000001,4.401071428571429,55.80357142857143,7.276785714285714,9.993653857142858
2012-06-01,2012,6,27,28.63111111111111,31.553703703703704,26.80222222222222,80.0725925925926,48.30185185185186,56.219888888888896,0.544074074074074,4.25,55.53703703703704,2.657037037037037,10.39300737037037
2012-07-01,2012,7,27,28.291851851851852,30.986666666666665,26.49074074074074,80.4737037037037,48.14551851851852,70.16474074074074,0.5596296296296296,5.623703703703704,48.01481481481482,0.6903703703703704,10.580151833333334
2012-08-01,2012,8,28,28.408214285714283,31.085714285714285,26.784285714285716,81.55678571428572,47.53675,61.396857142857144,0.5399999999999999,4.418571428571428,61.40714285714286,5.079285714285715,10.493127617857143
2012-09-01,2012,9,27,28.26888888888889,30.392962962962965,27.044074074074075,83.7688888888889,54.65837037037037,62.29340740740741,0.5481481481481482,4.255925925925926,47.3,3.9296296296296296,10.956215059259259
2012-10-01,2012,10,27,27.453703703703702,29.478148148148147,26.234444444444446,84.22925925925927,40.61655555555555,56.95148148148149,0.5118518518518519,3.902222222222222,136.16666666666666,7.582592592592592,9.782822666666666
2012-11-01,2012,11,25,28.0148,30.05,26.8308,82.65440000000001,45.19352,52.13648,0.5672,5.532,39.472,2.6044,9.892708932
2012-12-01,2012,12,24,27.8075,30.52916666666667,26.12708333333333,78.80499999999999,46.842000000000006,53.90570833333334,0.6191666666666666,6.339583333333334,41.90416666666667,0.34625,9.331083479166667
2013-01-01,2013,1,25,26.726,30.224,24.522399999999998,75.928,52.5568,60.762,0.6644,7.829199999999999,41.04,0.0,10.662350980000001
2013-02-01,2013,2,24,27.212500000000002,30.581666666666667,25.135833333333334,74.26791666666666,52.02883333333333,59.183875,0.6125,7.939583333333334,38.208333333333336,0.012499999999999999,11.502423875
2013-03-01,2013,3,26,27.46076923076923,30.338461538461537,25.821538461538463,77.40538461538462,48.52546153846154,58.75461538461538,0.5130769230769231,7.5942307692307685,35.71923076923077,0.1523076923076923,11.809049596153844
2013-04-01,2013,4,26,28.131153846153843,31.479615384615386,26.101923076923075,75.86730769230769,51.22276923076923,64.83961538461539,0.543076923076923,7.014230769230769,37.27307692307692,0.2376923076923077,11.772205361538463
2013-05-01,2013,5,27,28.066666666666666,30.85,26.327037037037037,80.7374074074074,46.888999999999996,60.62,0.4822222222222222,4.808518518518519,96.7,4.304814814814815,10.427042111111112
2013-06-01,2013,6,28,28.23785714285714,30.837142857142855,26.642500000000002,82.87285714285714,52.37664285714286,60.34842857142858,0.5289285714285714,4.64,48.042857142857144,3.0035714285714286,9.794405289285715
2013-07-01,2013,7,28,28.41857142857143,31.348214285714285,26.65607142857143,80.86321428571429,54.21182142857143,63.39578571428571,0.5778571428571428,5.304642857142857,48.267857142857146,1.3007142857142857,10.395957928571429
2013-08-01,2013,8,28,28.324285714285715,31.144642857142856,26.700357142857143,81.41142857142857,45.571285714285715,56.251285714285714,0.5117857142857143,4.522142857142858,52.307142857142864,4.918214285714286,10.257766110714286
2013-09-01,2013,9,27,28.048148148148147,30.13,26.732222222222223,83.76333333333334,45.1227037037037,66.99718518518519,0.47740740740740745,2.9414814814814814,92.40370370370371,9.518518518518519,9.480131448148148
2013-10-01,2013,10,27,28.00740740740741,30.051111111111112,26.753703703703703,84.27407407407408,42.96903703703703,59.02081481481481,0.5,3.8718518518518517,78.85555555555555,5.968148148148147,9.361039077777777
2013-11-01,2013,11,26,27.67961538461538,30.093461538461536,26.222692307692306,81.7423076923077,43.160230769230765,59.538192307692306,0.5838461538461538,4.949999999999999,104.92692307692307,1.5892307692307692,9.168615326923076
2013-12-01,2013,12,24,27.434583333333332,30.44125,25.53625,78.52499999999999,45.09220833333333,49.8105,0.6220833333333333,6.745,43.324999999999996,0.17041666666666666,9.070828883333332
2014-01-01,2014,1,26,27.202692307692306,30.759615384615383,24.889615384615386,75.10153846153847,53.433807692307695,52.32807692307692,0.6496153846153846,7.394230769230769,42.28076923076923,0.0,10.032967442307692
2014-02-01,2014,2,26,27.093846153846155,30.784230769230767,24.89,74.1973076923077,53.674769230769236,59.92876923076923,0.625,7.826153846153845,37.63846153846154,0.0023076923076923075,11.186759192307692
2014-03-01,2014,3,27,27.442592592592593,31.135555555555555,25.27777777777778,73.93222222222222,53.71044444444445,62.75196296296297,0.5822222222222222,7.375185185185185,37.355555555555554,0.022592592592592595,11.929263888888888
2014-04-01,2014,4,27,28.05148148148148,31.465555555555554,25.969259259259257,76.66296296296296,47.42103703703703,55.39914814814815,0.552962962962963,6.513703703703704,37.855555555555554,0.18407407407407406,11.703116592592593
2014-05-01,2014,5,28,28.65357142857143,31.972857142857144,26.520714285714288,76.19678571428572,53.22882142857143,63.13100000000001,0.5582142857142858,5.836785714285715,41.010714285714286,1.3285714285714287,10.88078717142857
2014-06-01,2014,6,27,28.56888888888889,31.634444444444444,26.647037037037038,79.38444444444445,54.42388888888889,64.3548888888889,0.5499999999999999,5.417777777777778,44.17777777777778,0.6377777777777778,10.949829911111111
2014-07-01,2014,7,28,28.909285714285716,32.0125,26.87392857142857,76.38678571428571,55.17003571428571,65.51575,0.5875,5.750714285714286,45.81785714285714,0.5700000000000001,10.791111467857144
2014-08-01,2014,8,28,28.545714285714286,31.528214285714284,26.674642857142857,79.31678571428571,54.15978571428571,65.99921428571429,0.5571428571428572,4.553928571428572,72.06428571428572,3.7575000000000003,10.93273675
2014-09-01,2014,9,27,28.415185185185187,30.88111111111111,26.95740740740741,82.81666666666668,50.1594074074074,62.41448148148148,0.5311111111111111,3.904074074074074,42.65555555555556,6.576296296296296,10.740615074074073
2014-10-01,2014,10,27,27.80185185185185,29.744444444444444,26.583333333333332,84.77222222222223,45.495222222222225,54.568888888888885,0.5214814814814814,3.5733333333333337,75.10000000000001,6.941851851851852,9.857486074074075
2014-11-01,2014,11,18,27.880555555555556,30.137222222222224,26.555555555555557,83.16444444444444,47.37294444444444,54.81411111111111,0.585,5.68,53.577777777777776,2.86,9.87595975
2014-12-01,2014,12,19,27.37157894736842,29.942105263157895,25.88105263157895,82.23157894736842,40.83484210526316,52.44084210526316,0.5910526315789474,6.403157894736842,61.56842105263158,2.403684210526316,8.727776442105263
2015-01-01,2015,1,18,26.814444444444444,30.12166666666667,24.819444444444443,77.41666666666667,50.8495,54.42561111111111,0.6433333333333333,7.729444444444444,40.95,0.013888888888888888,10.434805694444444
2015-02-01,2015,2,21,27.594761904761906,30.91,25.51904761904762,74.81238095238095,49.96642857142857,60.021857142857144,0.6185714285714285,7.535714285714286,52.25714285714286,0.7885714285714285,11.425050785714285
2015-03-01,2015,3,27,27.18259259259259,30.69851851851852,25.028148148148148,72.74888888888889,55.223962962962965,57.66040740740741,0.6137037037037038,8.324444444444444,38.507407407407406,0.006296296296296296,12.28529062962963
2015-04-01,2015,4,26,27.949230769230766,31.347692307692306,25.998846153846156,77.68807692307692,50.84776923076923,69.37069230769231,0.5407692307692308,6.348461538461539,50.28846153846154,0.9157692307692307,11.8018155
2015-05-01,2015,5,27,27.946666666666665,30.544444444444448,26.267777777777777,80.03555555555556,49.06059259259259,59.00148148148148,0.5003703703703704,5.81074074074074,43.9,2.088888888888889,10.715894933333333
2015-06-01,2015,6,27,28.374444444444446,31.488518518518518,26.418888888888887,80.38592592592593,50.05174074074074,62.57222222222222,0.5640740740740741,5.271481481481482,46.58148148148148,2.4003703703703705,10.9509995
2015-07-01,2015,7,28,28.000714285714285,30.88357142857143,26.145,80.49964285714285,44.53675,58.29114285714286,0.5685714285714286,5.921785714285714,45.753571428571426,1.9889285714285714,10.346170525000002
2015-08-01,2015,8,27,28.477037037037036,31.382962962962964,26.737407407407407,81.49740740740741,53.36451851851852,65.64137037037037,0.5640740740740741,5.092962962962963,42.86666666666667,2.0925925925925926,10.873939666666665
2015-09-01,2015,9,27,28.655925925925928,31.115185185185187,27.185185185185187,83.90777777777778,49.5005925925926,55.46651851851852,0.5574074074074075,3.9444444444444446,53.08888888888888,6.054074074074074,10.370018296296296
2015-10-01,2015,10,27,28.46666666666667,30.708518518518517,27.09296296296296,83.75222222222222,49.00874074074074,56.73514814814815,0.5451851851851852,3.486666666666667,62.888888888888886,3.9933333333333336,10.115264644444444
2015-11-01,2015,11,19,27.978947368421053,30.40684210526316,26.515263157894736,83.40736842105264,42.22684210526315,54.23352631578947,0.54,4.802105263157895,45.96315789473684,4.498421052631579,8.725226642105264
2015-12-01,2015,12,18,28.11111111111111,31.283333333333335,26.153888888888886,80.17555555555556,52.673833333333334,57.252500000000005,0.616111111111111,5.521111111111111,45.611111111111114,0.38166666666666665,9.339848077777779
2016-01-01,2016,1,18,27.416666666666668,30.89611111111111,25.315555555555555,76.69722222222222,49.0335,47.47727777777778,0.6194444444444445,6.648333333333333,38.044444444444444,0.135,9.987575772222222
2016-02-01,2016,2,23,27.789565217391303,31.207391304347826,25.770434782608696,72.99913043478261,54.201478260869564,51.094130434782606,0.6165217391304347,8.432173913043478,36.7695652173913,0.006956521739130435,12.026867826086956
2016-03-01,2016,3,26,28.015,31.798076923076923,25.810769230769232,73.99153846153845,57.59573076923077,60.19753846153846,0.5803846153846154,7.720384615384615,34.82692307692308,0.003076923076923077,13.214576173076923
2016-04-01,2016,4,25,28.2944,31.290399999999998,26.504,79.064,44.45252000000001,65.84728,0.5124,6.1432,31.732,1.5324,11.974106059999999
2016-05-01,2016,5,24,28.715416666666666,31.22583333333333,27.194999999999997,83.04166666666667,48.63345833333333,65.27895833333334,0.5158333333333334,4.164583333333334,70.99166666666666,6.773333333333333,10.751392179166666
2016-06-01,2016,6,14,28.38357142857143,30.962857142857143,26.889999999999997,83.29642857142858,48.85407142857143,65.50707142857144,0.5464285714285715,4.885,50.278571428571425,4.486428571428571,10.947992385714286
2016-07-01,2016,7,27,28.187777777777775,30.714074074074073,26.63037037037037,83.40407407407407,41.78351851851852,65.45955555555555,0.5325925925925926,5.46962962962963,48.548148148148144,3.7014814814814816,10.661538314814814
2016-08-01,2016,8,26,28.342307692307692,31.221153846153847,26.71884615384615,83.01423076923076,55.94219230769231,68.42957692307692,0.5788461538461539,4.421923076923077,66.41538461538461,4.2069230769230765,11.448535153846155
2016-09-01,2016,9,25,28.208000000000002,30.288800000000002,26.9128,84.71959999999999,48.438599999999994,61.92964,0.5284,4.1204,46.256,4.5284,11.11202342
2016-10-01,2016,10,26,27.66576923076923,29.634615384615383,26.456923076923076,85.52115384615385,42.00576923076923,54.0226923076923,0.46,3.583846153846154,161.95,13.06423076923077,9.427725684615385
2016-11-01,2016,11,17,27.72764705882353,29.679411764705883,26.51823529411765,84.29058823529412,42.63523529411765,60.398999999999994,0.4752941176470588,3.2094117647058824,142.36470588235292,11.522941176470589,8.91090464117647
2016-12-01,2016,12,19,27.375263157894736,29.66263157894737,25.94736842105263,83.07789473684211,49.12284210526316,52.874315789473684,0.5994736842105264,6.314736842105264,45.126315789473686,1.4878947368421052,9.173698342105263
2017-01-01,2017,1,18,26.227777777777778,29.226111111111113,24.288333333333334,79.60722222222222,51.68844444444444,61.638333333333335,0.6533333333333333,7.058333333333334,59.65555555555555,0.04444444444444444,10.094773888888888
2017-02-01,2017,2,21,26.91333333333333,30.332857142857144,24.69285714285714,75.70619047619047,57.150000000000006,58.154999999999994,0.6552380952380952,7.164285714285714,51.84761904761905,0.004761904761904762,11.679551285714286
2017-03-01,2017,3,21,27.49095238095238,30.67,25.565238095238094,74.54142857142857,51.264714285714284,60.46495238095239,0.5576190476190477,7.8342857142857145,36.3,1.4690476190476192,11.594109095238096
2017-04-01,2017,4,25,28.238000000000003,31.4412,26.2952,79.0844,47.779920000000004,65.42412,0.5424,5.8104,47.303999999999995,1.7528,11.988430011999998
2017-05-01,2017,5,25,28.1156,30.5016,26.63,84.3864,50.68184,65.63676000000001,0.5028,4.3932,62.76,12.8276,10.236595816
2017-06-01,2017,6,25,28.138,30.632800000000003,26.6856,84.4276,44.61576,67.27344,0.5132,4.4096,45.888000000000005,7.9879999999999995,10.255180144
2017-07-01,2017,7,27,27.891851851851854,29.849259259259256,26.66925925925926,86.95296296296296,52.22777777777778,60.66103703703703,0.5318518518518518,4.573333333333333,58.648148148148145,16.027037037037037,10.662936114814816
2017-08-01,2017,8,25,28.235599999999998,30.4296,26.9496,85.38680000000001,50.523999999999994,63.423320000000004,0.5292,4.3588,49.431999999999995,7.308400000000001,10.503576152
2017-09-01,2017,9,25,28.2452,30.3184,26.9628,83.7352,40.7066,62.20036,0.5004,2.9744,112.9,16.6892,10.490119828
2017-10-01,2017,10,27,28.073703703703703,29.99185185185185,26.805185185185184,84.06666666666668,42.99959259259259,57.03885185185185,0.5214814814814814,3.157037037037037,92.03333333333333,4.874074074074074,10.373931074074074
2017-11-01,2017,11,18,27.679444444444446,29.749444444444446,26.398333333333333,83.49833333333333,47.73066666666667,48.834666666666664,0.535,3.953888888888889,137.72222222222223,3.5283333333333333,9.369646366666666
2017-12-01,2017,12,18,27.407777777777778,29.87388888888889,25.90277777777778,81.05055555555556,46.27483333333333,50.174277777777775,0.6311111111111111,6.753333333333334,45.916666666666664,0.775,9.368331472222222
2018-01-01,2018,1,19,27.263157894736842,30.001052631578947,25.53684210526316,79.98315789473685,47.09447368421053,51.32121052631579,0.6142105263157894,6.527368421052631,46.373684210526314,0.35736842105263156,9.795598394736842
2018-02-01,2018,2,21,26.420476190476194,29.978571428571428,24.08809523809524,73.4047619047619,57.93642857142857,56.55233333333333,0.6942857142857143,8.563333333333334,42.51428571428571,0.0004761904761904762,12.095237119047619
2018-03-01,2018,3,27,27.291481481481483,30.68296296296296,25.212222222222223,74.78296296296297,57.205296296296304,55.35629629629629,0.6200000000000001,7.501111111111111,35.58888888888889,0.1025925925925926,12.588268444444443
2018-04-01,2018,4,25,27.632400000000004,30.8152,25.68,78.8364,52.85288,60.78444,0.5272,6.0172,37.236,2.5016,11.39634996
2018-05-01,2018,5,26,27.779999999999998,30.191153846153846,26.251923076923074,83.62384615384615,44.98176923076923,67.58265384615385,0.48384615384615387,3.9538461538461536,47.09615384615385,8.536153846153846,9.853682773076923
2018-06-01,2018,6,25,27.742399999999996,30.0284,26.305999999999997,85.3796,47.309560000000005,64.221,0.5324,4.6424,47.888000000000005,5.2504,10.639968792
2018-07-01,2018,7,26,27.436153846153847,29.90269230769231,25.97923076923077,86.38538461538461,48.571038461538464,65.53788461538461,0.573076923076923,5.133461538461538,47.11923076923077,4.922307692307692,10.654257019230768
2018-08-01,2018,8,27,27.71851851851852,30.185925925925925,26.305925925925926,85.20555555555556,48.07570370370371,59.173259259259254,0.5655555555555556,4.927407407407407,46.81111111111112,4.368888888888889,11.33514691851852
2018-09-01,2018,9,25,27.906799999999997,30.121199999999998,26.5872,85.0844,50.14344,60.07167999999999,0.5232,3.9964,38.92,7.441599999999999,10.64959066
2018-10-01,2018,10,26,27.682692307692307,29.81692307692308,26.431153846153848,83.8876923076923,44.80646153846154,61.83484615384615,0.49923076923076926,4.003076923076923,74.21153846153847,7.867307692307692,10.220877061538461
2018-11-01,2018,11,18,27.65722222222222,30.09111111111111,26.371666666666666,84.67222222222222,50.53622222222222,48.95911111111111,0.5894444444444444,5.397777777777778,41.12777777777777,3.7777777777777777,10.168205611111112
2018-12-01,2018,12,18,26.836111111111112,30.03611111111111,24.79388888888889,79.94444444444444,55.51538888888889,50.99711111111111,0.6861111111111111,6.685555555555556,45.17777777777778,0.007222222222222223,9.748164694444444
2019-01-01,2019,1,19,26.44157894736842,29.907894736842106,24.25,77.3121052631579,54.80031578947368,57.536,0.6557894736842106,7.387368421052632,37.50526315789474,0.07210526315789474,10.264395789473683
2019-02-01,2019,2,21,27.15095238095238,30.80714285714286,24.870952380952378,74.27190476190476,50.5254761904762,55.99504761904762,0.6342857142857143,7.513333333333334,38.03809523809524,0.11904761904761904,11.837498523809524
2019-03-01,2019,3,27,27.013703703703705,30.494444444444444,24.94148148148148,76.95370370370371,49.339333333333336,54.25796296296297,0.5848148148148148,7.898888888888889,32.96666666666667,0.003703703703703704,12.514608518518518
2019-04-01,2019,4,24,28.118750000000002,31.558333333333334,25.994583333333335,76.52499999999999,48.06420833333333,70.020375,0.5595833333333333,6.583333333333333,36.104166666666664,1.7266666666666666,12.1012025625
2019-05-01,2019,5,26,28.121923076923075,30.697307692307692,26.53076923076923,82.97346153846154,44.711038461538465,63.21665384615385,0.46115384615384614,4.45423076923077,39.70384615384615,3.9784615384615383,9.426489692307692
2019-06-01,2019,6,26,28.27615384615385,30.881923076923076,26.709615384615386,83.92500000000001,47.00623076923077,60.354461538461535,0.5511538461538461,4.665,49.56153846153846,2.568076923076923,10.84359161153846
2019-07-01,2019,7,26,27.991153846153846,30.946923076923078,26.192692307692308,83.47846153846154,50.52930769230769,61.20730769230769,0.6015384615384616,5.259615384615385,44.33461538461539,3.6226923076923074,11.222530057692307
2019-08-01,2019,8,26,28.468846153846155,31.197307692307692,26.94192307692308,84.81923076923077,51.40011538461538,65.58573076923076,0.5523076923076923,4.341153846153846,43.073076923076925,5.355384615384616,11.065730211538462
2019-09-01,2019,9,25,28.529600000000002,30.8492,27.1476,83.1436,48.843680000000006,57.27216000000001,0.518,3.6319999999999997,118.156,5.2916,11.046037204
2019-10-01,2019,10,25,28.1584,30.0612,27.0156,83.93959999999998,49.124719999999996,61.52152,0.5075999999999999,3.48,72.932,9.388,10.023231184
2019-11-01,2019,11,18,28.03222222222222,30.218888888888884,26.78222222222222,84.53777777777778,43.884388888888886,42.558277777777775,0.5577777777777778,5.141666666666667,37.27777777777778,2.8872222222222224,9.555152833333333
2019-12-01,2019,12,20,27.7985,30.127,26.444499999999998,83.42150000000001,42.25505,50.20585,0.6065,5.8155,40.22,0.20800000000000002,9.157589699999999
2020-01-01,2020,1,19,27.34315789473684,30.646842105263158,25.282105263157895,76.43631578947368,57.61847368421053,58.27894736842105,0.6536842105263158,6.880526315789473,35.56842105263158,0.05421052631578947,10.107189894736843
2020-02-01,2020,2,22,27.616363636363634,31.222727272727273,25.238636363636363,74.00500000000001,60.88154545454545,47.123,0.6622727272727272,7.777727272727273,37.04090909090909,0.007727272727272727,11.536415022727272
2020-03-01,2020,3,27,27.5,30.964444444444442,25.278888888888886,73.52592592592593,62.165777777777784,65.109,0.6507407407407407,8.11111111111111,35.281481481481485,0.00037037037037037035,12.239628037037038
2020-04-01,2020,4,27,28.401481481481483,31.87,26.280370370370374,75.12703703703704,49.29440740740741,59.37525925925926,0.567037037037037,7.037037037037037,35.25925925925926,0.11814814814814814,11.920225814814815
2020-05-01,2020,5,27,29.03148148148148,31.86296296296296,27.264444444444443,78.82444444444445,41.15988888888889,63.98162962962964,0.5166666666666666,5.095925925925926,62.32592592592592,0.9644444444444444,10.89878661851852
2020-06-01,2020,6,26,28.945,31.805000000000003,27.003846153846155,79.42384615384616,56.07569230769231,67.03784615384615,0.5465384615384615,4.918076923076923,43.849999999999994,1.57,10.633088915384615
2020-07-01,2020,7,27,28.722962962962963,31.581111111111113,26.901481481481483,80.08222222222221,43.8437037037037,62.94474074074074,0.5366666666666666,5.169259259259259,44.088888888888896,3.8385185185185184,10.3465264
2020-08-01,2020,8,27,28.601481481481482,31.22740740740741,27.049259259259262,81.95222222222222,47.334148148148145,63.596444444444444,0.5077777777777778,4.29925925925926,71.15925925925926,4.874074074074074,10.36618737037037
2020-09-01,2020,9,26,28.57,31.04769230769231,27.09730769230769,81.07615384615384,44.451153846153844,63.08692307692308,0.5065384615384615,3.037692307692308,80.64615384615385,2.275,10.67966925
2020-10-01,2020,10,27,28.60962962962963,31.16296296296296,27.005925925925926,79.46185185185185,39.444222222222216,59.82937037037037,0.5203703703703704,3.191111111111111,118.66666666666667,0.22481481481481483,9.865713285185185
2020-11-01,2020,11,19,28.183157894736844,30.463684210526313,26.683157894736844,78.50473684210526,36.50984210526316,51.93994736842105,0.49789473684210533,3.7673684210526317,190.7157894736842,0.04473684210526316,8.70087454736842
2020-12-01,2020,12,20,28.1115,31.193,26.26,76.459,52.0766,51.445550000000004,0.642,6.364,38.33,1.7905000000000002,9.313241999999999
2021-01-01,2021,1,19,26.852631578947367,30.14736842105263,24.531578947368423,77.99578947368421,44.77857894736842,50.11184210526316,0.6557894736842106,6.367894736842105,40.310526315789474,1.2357894736842105,10.282675578947368
2021-02-01,2021,2,21,27.141428571428573,30.375238095238096,24.802857142857142,76.73142857142858,60.851857142857135,63.754000000000005,0.6580952380952381,6.93,39.195238095238096,2.4976190476190476,11.817510619047619
2021-03-01,2021,3,27,26.984814814814815,30.203703703703702,24.70703703703704,76.11333333333333,57.22625925925926,56.491,0.6222222222222222,7.112592592592592,36.31481481481482,0.5481481481481482,12.003618222222222
2021-04-01,2021,4,26,27.508846153846154,30.4,25.782307692307693,79.38423076923075,55.628653846153846,58.60884615384615,0.5296153846153846,6.676153846153847,38.31153846153846,0.9288461538461538,11.382504211538462
2021-05-01,2021,5,27,28.582962962962963,31.562592592592594,26.779999999999998,76.59851851851852,53.36274074074073,68.12185185185184,0.5270370370370371,6.578518518518519,39.53333333333334,0.017037037037037038,11.00922174074074
2021-06-01,2021,6,26,28.959615384615386,31.590769230769233,27.268846153846155,77.28384615384616,46.49288461538462,57.46846153846154,0.49153846153846154,5.172692307692308,43.43076923076923,0.09923076923076923,9.730814876923077
2021-07-01,2021,7,27,28.74851851851852,31.77592592592593,26.674074074074074,77.89185185185185,51.14362962962963,58.742555555555555,0.5570370370370371,5.458148148148148,59.266666666666666,1.2544444444444443,10.19199204814815
2021-08-01,2021,8,27,28.865555555555556,31.638148148148147,27.105555555555558,78.5725925925926,55.72507407407407,63.92903703703704,0.5374074074074074,4.282962962962963,75.75925925925925,1.5655555555555556,10.630900407407408
2021-09-01,2021,9,27,28.911851851851853,31.367407407407406,27.404074074074074,80.08259259259259,49.56214814814815,60.89325925925926,0.5285185185185185,4.46962962962963,46.36666666666667,1.4048148148148147,10.751522314814816
2021-10-01,2021,10,27,28.86259259259259,31.36888888888889,27.321851851851854,79.70555555555556,42.83544444444445,52.84737037037038,0.5311111111111111,4.04962962962963,77.05555555555556,3.862592592592592,9.951815533333333
2021-11-01,2021,11,18,28.378888888888888,31.088333333333335,26.692777777777778,78.38333333333334,50.87905555555555,45.75044444444445,0.5922222222222222,5.765,39.18333333333333,1.5105555555555554,9.70915738888889
2021-12-01,2021,12,19,27.79368421052632,30.573684210526313,26.02578947368421,77.88894736842106,48.06710526315789,53.13605263157895,0.616842105263158,6.751052631578948,40.205263157894734,0.5405263157894737,9.123318115789473
2022-01-01,2022,1,19,27.287368421052633,30.493684210526315,25.184736842105263,73.81473684210526,51.66015789473684,57.80284210526315,0.648421052631579,7.102631578947368,36.852631578947374,0.042631578947368416,9.920035105263159
2022-02-01,2022,2,23,27.620434782608694,31.012608695652172,25.42478260869565,72.28782608695651,57.41734782608695,60.71569565217391,0.6495652173913044,7.822608695652173,37.76521739130435,0.05608695652173913,11.04020302173913
2022-03-01,2022,3,27,27.49814814814815,30.575555555555553,25.50925925925926,76.46555555555557,55.89651851851851,59.952925925925925,0.5840740740740741,7.424814814814815,38.94444444444444,1.8262962962962963,12.002211981481482
2022-04-01,2022,4,26,27.761153846153846,30.657307692307693,25.917307692307695,80.27269230769231,46.44288461538462,60.12315384615385,0.49230769230769234,5.67076923076923,77.86153846153846,4.467692307692308,11.19850408076923
2022-05-01,2022,5,27,28.427037037037035,30.982592592592592,26.79296296296296,82.7325925925926,44.12722222222222,65.8998888888889,0.4992592592592593,4.095925925925926,46.60740740740741,3.3985185185185185,10.596410277777776
2022-06-01,2022,6,27,28.11925925925926,30.32148148148148,26.67185185185185,83.1137037037037,41.75044444444444,58.06451851851852,0.46629629629629626,3.7511111111111113,68.7925925925926,8.861481481481482,9.332339062962964
2022-07-01,2022,7,27,27.861851851851853,30.28851851851852,26.45888888888889,85.32777777777777,48.30407407407407,65.46551851851852,0.5311111111111111,5.055555555555555,48.58518518518518,7.58,10.283631592592592
2022-08-01,2022,8,27,27.855925925925927,30.209629629629628,26.304074074074077,84.63037037037037,48.53840740740741,54.18681481481481,0.49777777777777776,3.881111111111111,50.68518518518518,9.877037037037038,10.084368874074073
2022-09-01,2022,9,25,28.0916,30.332399999999996,26.5964,82.20280000000001,42.33428,64.61092,0.4796,2.7236000000000002,112.904,9.974400000000001,9.216821624
2022-10-01,2022,10,27,28.047037037037036,30.337777777777777,26.660370370370373,82.85407407407408,46.782407407407405,57.53874074074074,0.5048148148148148,3.5666666666666664,68.6962962962963,4.716666666666667,9.427601285185185
2022-11-01,2022,11,19,27.54421052631579,29.286315789473687,26.37157894736842,85.6236842105263,42.32953684210526,51.78484210526316,0.4784210526315789,4.414736842105263,87.67894736842105,9.701578947368422,8.198639663157895
2022-12-01,2022,12,19,26.858947368421052,29.679473684210524,25.04842105263158,81.55947368421052,45.706315789473685,58.68631578947368,0.6568421052631579,6.224210526315789,46.147368421052626,0.4226315789473684,9.249846578947368
2023-01-01,2023,1,20,26.703500000000002,29.801,24.726499999999998,79.66749999999999,51.2281,57.6279,0.642,6.8715,42.760000000000005,0.4105,9.6646188
2023-02-01,2023,2,19,26.548947368421054,29.92736842105263,24.19,76.12,58.94331578947369,53.89826315789474,0.6726315789473684,7.971052631578947,40.61052631578948,0.06315789473684211,11.686953184210527
2023-03-01,2023,3,25,27.4048,30.976399999999998,25.081599999999998,74.4488,49.242920000000005,66.70779999999999,0.6036,6.816800000000001,37.984,0.2764,12.183501040000001
2023-04-01,2023,4,25,27.8392,31.093200000000003,25.8004,76.596,51.3908,60.047439999999995,0.5504,6.4475999999999996,34.044000000000004,1.892,11.927415000000002
2023-05-01,2023,5,25,28.5348,31.4304,26.8736,82.8176,53.045680000000004,60.548519999999996,0.5252,4.8032,49.032,7.0072,11.388730840000001
2023-06-01,2023,6,24,28.879166666666666,31.126666666666665,27.406666666666666,84.3125,36.17395833333333,56.76529166666666,0.505,3.815416666666667,90.21249999999999,5.251666666666667,10.153685604166666
2023-07-01,2023,7,23,28.52913043478261,30.737391304347828,27.11521739130435,85.83826086956522,48.984434782608695,56.37695652173913,0.5456521739130435,4.81,47.68260869565218,6.152608695652174,10.564668021739129
2023-08-01,2023,8,25,28.9052,31.578000000000003,27.328000000000003,84.2668,53.217240000000004,60.91904,0.5672,3.9219999999999997,66.404,7.403200000000001,11.1034162
2023-09-01,2023,9,23,29.48217391304348,31.81739130434783,28.126521739130432,83.39434782608696,51.2474347826087,61.73504347826087,0.5626086956521739,4.363478260869565,43.44347826086957,2.9343478260869564,11.513790804347826
2023-10-01,2023,10,24,28.908749999999998,31.044583333333335,27.50708333333333,82.72625000000001,45.56716666666667,50.80495833333333,0.4925,2.904583333333333,147.99583333333334,20.515,10.094539433333333
2023-11-01,2023,11,18,28.67,30.650000000000002,27.365,83.82277777777777,37.51444444444444,57.31038888888889,0.5227777777777778,3.795,135.57222222222222,7.192222222222223,9.156317866666667
2023-12-01,2023,12,20,27.924500000000002,30.4995,26.451,84.0925,44.70725,49.4441,0.606,6.12,39.6,0.12350000000000001,9.69144695
2024-01-01,2024,1,22,28.092272727272725,31.54272727272727,25.906818181818185,78.35363636363637,53.52777272727273,57.60659090909091,0.6622727272727272,6.834090909090909,40.91818181818182,0.01636363636363636,10.664636090909092
2024-02-01,2024,2,21,28.230476190476192,31.343333333333334,26.27666666666667,74.83809523809524,53.829952380952385,58.59238095238096,0.5880952380952381,6.918095238095238,58.96190476190476,0.28619047619047616,11.712392914285715
2024-03-01,2024,3,26,28.92538461538462,32.568461538461534,26.644615384615385,73.91423076923077,58.92400000000001,59.765807692307696,0.5961538461538461,6.686538461538461,32.34230769230769,0.05692307692307692,13.055455423076923
2024-04-01,2024,4,24,28.839166666666667,32.07208333333333,26.88416666666667,77.94083333333333,49.459666666666664,63.77883333333333,0.5341666666666667,6.452083333333333,35.916666666666664,2.2870833333333334,12.0493241875
2024-05-01,2024,5,25,29.4432,32.1676,27.750799999999998,82.4596,43.894,64.42764,0.4796,4.4548000000000005,54.16,15.4004,10.599766112
2024-06-01,2024,6,23,28.858695652173914,31.14521739130435,27.464782608695653,83.72608695652174,44.75043478260869,66.061,0.45913043478260873,3.114347826086956,83.30434782608695,6.086956521739131,9.638713608695653
2024-07-01,2024,7,27,28.765555555555554,31.285555555555558,27.225925925925928,84.86851851851851,49.51896296296296,55.439259259259266,0.5362962962962963,4.74962962962963,55.34444444444444,4.452962962962963,10.165626814814814
2024-08-01,2024,8,25,28.8136,31.324,27.2156,82.83760000000001,42.006440000000005,59.96639999999999,0.5207999999999999,3.8892,48.176,6.638,10.933222736
2024-09-01,2024,9,24,28.935833333333335,31.1925,27.523750000000003,83.61416666666666,47.448499999999996,69.036875,0.5004166666666666,3.0516666666666663,81.38333333333334,5.1025,10.226080937499999
2024-10-01,2024,10,22,28.868636363636366,31.020909090909093,27.46863636363636,82.79227272727273,41.276863636363636,49.434090909090905,0.5131818181818182,3.545,114.35909090909091,3.9663636363636368,9.895525454545455
2024-11-01,2024,11,20,27.762999999999998,29.866500000000002,26.467000000000002,83.87899999999999,41.6743,55.06975,0.485,3.0645,159.25,7.581999999999999,8.74792749
2024-12-01,2024,12,17,27.99705882352941,30.167058823529413,26.67705882352941,83.26411764705882,46.850058823529416,54.574000000000005,0.5770588235294118,5.968823529411765,45.688235294117646,2.057058823529412,8.425446323529412
2025-01-01,2025,1,20,27.214,29.819,25.640499999999996,82.148,48.38295,52.219899999999996,0.6365000000000001,7.1685,44.72,6.092499999999999,9.687688795
2025-02-01,2025,2,21,27.15095238095238,30.156190476190474,25.25904761904762,79.02904761904763,52.59009523809524,53.49052380952381,0.6019047619047619,7.619523809523809,40.37619047619047,1.0476190476190477,10.833378952380952
2025-03-01,2025,3,25,27.9744,31.2472,26.0184,76.8092,54.190960000000004,52.8386,0.57,7.039199999999999,36.452,0.4368,12.32030432
2025-04-01,2025,4,24,28.4975,31.465416666666666,26.7025,76.95208333333333,48.141708333333334,57.388416666666664,0.5183333333333333,6.810833333333334,38.65833333333334,1.1804166666666667,11.820746416666667
2025-05-01,2025,5,24,28.5575,31.084166666666665,27.043333333333333,83.09791666666666,48.91075,57.23433333333333,0.49541666666666667,4.840416666666667,42.0375,5.094166666666667,10.081753775000001
2025-06-01,2025,6,25,28.076,30.2016,26.828000000000003,86.3056,43.82924,61.754799999999996,0.4868,4.9152,50.8,12.878800000000002,9.78615992
2025-07-01,2025,7,24,27.950833333333335,30.192916666666665,26.574583333333333,86.34416666666668,44.45454166666667,64.66958333333334,0.5337500000000001,4.882083333333333,45.80833333333334,12.312083333333334,10.001090716666667
2025-08-01,2025,8,26,28.354615384615386,30.746923076923075,27.021153846153844,84.78576923076922,57.428769230769234,61.06138461538462,0.5538461538461539,4.259615384615385,68.47307692307692,12.945384615384615,10.666083742307693
2025-09-01,2025,9,24,28.483333333333334,30.58666666666667,27.163749999999997,84.04458333333334,46.98208333333333,59.06308333333333,0.5183333333333333,3.3333333333333335,89.8875,6.887083333333333,10.820610770833333
2025-10-01,2025,10,24,28.022499999999997,29.9875,26.814999999999998,84.36333333333333,43.172666666666665,50.758874999999996,0.4875,3.127083333333333,143.96666666666667,5.8933333333333335,10.1008404375
2025-11-01,2025,11,24,28.217083333333335,30.184583333333336,27.08,83.74666666666667,45.046124999999996,55.812916666666666,0.5225000000000001,5.891666666666667,45.62916666666666,2.660833333333333,9.599050208333333
2025-12-01,2025,12,19,27.648947368421055,30.50052631578947,26.02,80.0742105263158,44.018,57.80321052631579,0.6078947368421053,6.216842105263158,43.13157894736842,0.5010526315789473,9.369314947368421
