YEAR,N_DIAS,T2M,T2M_MAX,T2M_MIN,RH2M,ALLSKY_SFC_SW_DWN,CLRSKY_SFC_SW_DWN,ALLSKY_KT,WS10M,WD10M,PRECTOTCORR,UV_INDEX,CLASE_UV,CATEGORIA_UV
2004,76,27.489605263157895,29.648157894736844,26.204605263157895,82.13473684210526,44.79402631578947,54.43811842105263,0.5526315789473685,5.407105263157895,57.39078947368421,3.4594736842105265,9.313060868421053,1,ALTO
2005,353,28.0499716713881,30.687450424929178,26.396430594900853,79.61303116147309,46.97905382436261,59.81902266288952,0.5371388101983003,5.253767705382436,91.34022662889518,2.395297450424929,10.558557212747875,1,ALTO
2006,352,27.95588068181818,30.676875,26.223323863636367,79.42326704545455,47.86294318181819,59.19740340909091,0.5531818181818182,5.735767045454545,56.31221590909092,2.2307102272727275,10.576495024715909,1,ALTO
2007,352,27.47659090909091,29.995454545454546,25.934857954545453,81.53928977272727,47.12362784090909,58.58728409090909,0.5383522727272727,5.5241193181818184,65.77215909090908,3.7586931818181815,10.589910467329545,1,ALTO
2008,349,27.556762177650427,30.406017191977078,25.80495702005731,78.6756446991404,48.33957306590258,58.4710229226361,0.540945558739255,5.7855014326647565,63.80315186246418,2.3029512893982806,10.240076166189112,1,ALTO
2009,303,27.77112211221122,30.56260726072607,26.03917491749175,79.4652805280528,47.572768976897684,58.61261716171617,0.5575247524752476,6.010759075907591,47.41320132013202,1.9309570957095712,10.609260059075908,1,ALTO
2010,291,27.769690721649482,30.160240549828178,26.283264604811,82.37996563573883,45.39239518900344,59.1538556701031,0.5038487972508591,4.803780068728523,76.48762886597939,6.401340206185567,10.153413131271478,1,ALTO
2011,259,27.406833976833976,29.867876447876448,25.86239382239382,81.86305019305019,47.427305019305024,60.47290733590734,0.536023166023166,5.2825482625482625,66.26332046332047,5.442046332046332,10.392414720849422,1,ALTO
2012,321,27.624922118380063,30.29467289719626,25.968161993769474,80.94971962616823,49.20026168224299,58.112467289719625,0.5619314641744548,5.566261682242991,54.986604361370716,2.704766355140187,10.456245575077881,1,ALTO
2013,316,27.83386075949367,30.635854430379748,26.12629746835443,79.92617088607594,48.30822151898734,60.04891772151898,0.5493987341772152,5.618797468354431,60.14208860759494,2.6849683544303797,10.299376045886076,1,ALTO
2014,308,28.02668831168831,31.062142857142856,26.151590909090906,78.46977272727273,51.12892857142857,59.86366233766234,0.573051948051948,5.827142857142857,48.90909090909091,2.0888636363636364,10.708136762662338,1,ALTO
2015,292,28.000821917808217,30.932328767123288,26.20191780821918,79.7575,49.83482876712329,59.513613013698624,0.5692123287671234,5.756849315068493,47.564726027397256,2.184280821917808,10.690401114383562,1,ALTO
2016,270,28.033074074074076,30.750740740740742,26.40533333333333,81.04555555555555,48.64110740740741,60.20618888888889,0.5456666666666667,5.4431111111111115,64.14555555555555,4.269296296296297,10.906895595555556,1,ALTO
2017,275,27.787418181818182,30.28781818181818,26.23970909090909,82.15654545454545,48.46560727272727,60.58006181818182,0.5504,5.062290909090909,66.38509090909092,6.682509090909091,10.59119768,1,ALTO
2018,283,27.478409893992936,30.166501766784457,25.83946996466431,81.90035335689046,50.2401554770318,59.18720848056537,0.5697879858657244,5.525335689045937,46.05088339222615,3.992826855123675,10.814983048763251,1,ALTO
2019,283,27.875759717314487,30.67844522968198,26.18773851590106,81.36141342756183,48.43458657243816,58.88342756183745,0.5622968197879858,5.451554770318021,49.87314487632509,3.0818727915194346,10.813877795406361,1,ALTO
2020,294,28.345544217687074,31.2928231292517,26.491462585034014,78.0151700680272,49.083673469387755,60.080285714285715,0.5637755102040817,5.428401360544218,64.6969387755102,1.389047619047619,10.625005885714286,1,ALTO
2021,291,28.189243986254294,31.05388316151203,26.3266323024055,78.07381443298969,51.474340206185566,58.04034020618557,0.5649484536082474,5.736494845360824,48.829896907216494,1.2843298969072166,10.59500903676976,1,ALTO
2022,293,27.789488054607506,30.38136518771331,26.128839590443686,81.06515358361774,47.598874402730374,59.80228327645051,0.5353924914675768,5.05962457337884,60.27610921501707,5.252559726962457,10.109643088054607,1,ALTO
2023,271,28.233653136531363,30.93782287822878,26.53619926199262,81.49372693726937,48.53662730627306,57.9369963099631,0.5636162361623617,5.171955719557195,64.05387453874538,5.10409594095941,10.822234974169742,1,ALTO
2024,276,28.669166666666666,31.370471014492754,26.987028985507248,81.00923913043478,47.89011231884058,59.71771739130435,0.5365942028985508,4.8796739130434785,66.08985507246376,4.602391304347826,10.597875234420291,1,ALTO
2025,280,28.041964285714286,30.53157142857143,26.551571428571428,82.39803571428571,48.189410714285714,57.13087142857143,0.5412857142857143,5.4441428571428565,58.096785714285716,5.855392857142857,10.455106132142857,1,ALTO
